Exch	ExchType	Name	Expiry	ScripType	StrikeRate	LotSize	QtyLimit	ScripCode
N	D	NIFTY 26 JUN 2025 CE 18250.00	6/26/2025	CE	18250	75	1800	35004
N	D	NIFTY 26 JUN 2025 PE 18250.00	6/26/2025	PE	18250	75	1800	35005
N	D	NIFTY 26 JUN 2025 CE 18300.00	6/26/2025	CE	18300	75	1800	35008
N	D	NIFTY 26 JUN 2025 PE 18300.00	6/26/2025	PE	18300	75	1800	35009
N	D	NIFTY 26 JUN 2025 CE 30000.00	6/26/2025	CE	30000	75	1800	35219
N	D	NIFTY 26 JUN 2025 PE 30000.00	6/26/2025	PE	30000	75	1800	35220
N	D	NIFTY 26 JUN 2025 CE 7000.00	6/26/2025	CE	7000	75	1800	35577
N	D	NIFTY 26 JUN 2025 PE 7000.00	6/26/2025	PE	7000	75	1800	35592
N	D	NIFTY 26 JUN 2025 CE 17900.00	6/26/2025	CE	17900	75	1800	35679
N	D	NIFTY 26 JUN 2025 PE 17900.00	6/26/2025	PE	17900	75	1800	35681
N	D	NIFTY 26 JUN 2025 CE 17950.00	6/26/2025	CE	17950	75	1800	35686
N	D	NIFTY 26 JUN 2025 PE 17950.00	6/26/2025	PE	17950	75	1800	35688
N	D	NIFTY 26 JUN 2025 CE 18050.00	6/26/2025	CE	18050	75	1800	35695
N	D	NIFTY 26 JUN 2025 PE 18050.00	6/26/2025	PE	18050	75	1800	35704
N	D	NIFTY 26 JUN 2025 CE 18100.00	6/26/2025	CE	18100	75	1800	35740
N	D	NIFTY 26 JUN 2025 PE 18100.00	6/26/2025	PE	18100	75	1800	35741
N	D	NIFTY 26 JUN 2025 CE 18150.00	6/26/2025	CE	18150	75	1800	35767
N	D	NIFTY 26 JUN 2025 PE 18150.00	6/26/2025	PE	18150	75	1800	35768
N	D	NIFTY 26 JUN 2025 CE 18200.00	6/26/2025	CE	18200	75	1800	35782
N	D	NIFTY 26 JUN 2025 PE 18200.00	6/26/2025	PE	18200	75	1800	35783
N	D	NIFTY 26 JUN 2025 CE 30400.00	6/26/2025	CE	30400	75	1800	36035
N	D	NIFTY 26 JUN 2025 PE 30400.00	6/26/2025	PE	30400	75	1800	36036
N	D	NIFTY 26 JUN 2025 CE 23000.00	6/26/2025	CE	23000	75	1800	37749
N	D	NIFTY 26 JUN 2025 CE 13000.00	6/26/2025	CE	13000	75	1800	37778
N	D	NIFTY 26 JUN 2025 PE 13000.00	6/26/2025	PE	13000	75	1800	37781
N	D	NIFTY 26 JUN 2025 PE 23000.00	6/26/2025	PE	23000	75	1800	37794
N	D	NIFTY 26 JUN 2025 CE 29000.00	6/26/2025	CE	29000	75	1800	38150
N	D	NIFTY 26 JUN 2025 PE 29000.00	6/26/2025	PE	29000	75	1800	38151
N	D	NIFTY 26 JUN 2025 CE 20000.00	6/26/2025	CE	20000	75	1800	38373
N	D	NIFTY 26 JUN 2025 PE 20000.00	6/26/2025	PE	20000	75	1800	38375
N	D	NIFTY 26 JUN 2025 CE 16000.00	6/26/2025	CE	16000	75	1800	39673
N	D	NIFTY 26 JUN 2025 PE 16000.00	6/26/2025	PE	16000	75	1800	39680
N	D	NIFTY 26 JUN 2025 CE 17650.00	6/26/2025	CE	17650	75	1800	39852
N	D	NIFTY 26 JUN 2025 PE 17650.00	6/26/2025	PE	17650	75	1800	39853
N	D	NIFTY 26 JUN 2025 CE 17700.00	6/26/2025	CE	17700	75	1800	39854
N	D	NIFTY 26 JUN 2025 PE 17700.00	6/26/2025	PE	17700	75	1800	39855
N	D	NIFTY 26 JUN 2025 CE 17750.00	6/26/2025	CE	17750	75	1800	39856
N	D	NIFTY 26 JUN 2025 PE 17750.00	6/26/2025	PE	17750	75	1800	39857
N	D	NIFTY 26 JUN 2025 CE 17800.00	6/26/2025	CE	17800	75	1800	39858
N	D	NIFTY 26 JUN 2025 PE 17800.00	6/26/2025	PE	17800	75	1800	39859
N	D	NIFTY 26 JUN 2025 CE 17850.00	6/26/2025	CE	17850	75	1800	39860
N	D	NIFTY 26 JUN 2025 PE 17850.00	6/26/2025	PE	17850	75	1800	39861
N	D	NIFTY 26 JUN 2025 CE 19000.00	6/26/2025	CE	19000	75	1800	39982
N	D	NIFTY 26 JUN 2025 PE 19000.00	6/26/2025	PE	19000	75	1800	39986
N	D	NIFTY 26 JUN 2025 CE 15000.00	6/26/2025	CE	15000	75	1800	40090
N	D	NIFTY 26 JUN 2025 PE 15000.00	6/26/2025	PE	15000	75	1800	40091
N	D	NIFTY 26 JUN 2025 CE 31000.00	6/26/2025	CE	31000	75	1800	42125
N	D	NIFTY 26 JUN 2025 PE 31000.00	6/26/2025	PE	31000	75	1800	42128
N	D	NIFTY 26 JUN 2025 CE 16900.00	6/26/2025	CE	16900	75	1800	42151
N	D	NIFTY 26 JUN 2025 PE 16900.00	6/26/2025	PE	16900	75	1800	42152
N	D	NIFTY 26 JUN 2025 CE 16950.00	6/26/2025	CE	16950	75	1800	42153
N	D	NIFTY 26 JUN 2025 PE 16950.00	6/26/2025	PE	16950	75	1800	42154
N	D	NIFTY 26 JUN 2025 CE 17050.00	6/26/2025	CE	17050	75	1800	42156
N	D	NIFTY 26 JUN 2025 PE 17050.00	6/26/2025	PE	17050	75	1800	42157
N	D	NIFTY 26 JUN 2025 CE 17100.00	6/26/2025	CE	17100	75	1800	42158
N	D	NIFTY 26 JUN 2025 PE 17100.00	6/26/2025	PE	17100	75	1800	42160
N	D	NIFTY 26 JUN 2025 CE 17150.00	6/26/2025	CE	17150	75	1800	42161
N	D	NIFTY 26 JUN 2025 PE 17150.00	6/26/2025	PE	17150	75	1800	42162
N	D	NIFTY 26 JUN 2025 CE 17200.00	6/26/2025	CE	17200	75	1800	42163
N	D	NIFTY 26 JUN 2025 PE 17200.00	6/26/2025	PE	17200	75	1800	42164
N	D	NIFTY 26 JUN 2025 CE 17250.00	6/26/2025	CE	17250	75	1800	42165
N	D	NIFTY 26 JUN 2025 PE 17250.00	6/26/2025	PE	17250	75	1800	42166
N	D	NIFTY 26 JUN 2025 CE 17300.00	6/26/2025	CE	17300	75	1800	42167
N	D	NIFTY 26 JUN 2025 PE 17300.00	6/26/2025	PE	17300	75	1800	42168
N	D	NIFTY 26 JUN 2025 CE 17350.00	6/26/2025	CE	17350	75	1800	42169
N	D	NIFTY 26 JUN 2025 PE 17350.00	6/26/2025	PE	17350	75	1800	42170
N	D	NIFTY 26 JUN 2025 CE 17400.00	6/26/2025	CE	17400	75	1800	42171
N	D	NIFTY 26 JUN 2025 PE 17400.00	6/26/2025	PE	17400	75	1800	42172
N	D	NIFTY 26 JUN 2025 CE 17450.00	6/26/2025	CE	17450	75	1800	42173
N	D	NIFTY 26 JUN 2025 PE 17450.00	6/26/2025	PE	17450	75	1800	42177
N	D	NIFTY 26 JUN 2025 CE 17500.00	6/26/2025	CE	17500	75	1800	42178
N	D	NIFTY 26 JUN 2025 PE 17500.00	6/26/2025	PE	17500	75	1800	42180
N	D	NIFTY 26 JUN 2025 CE 17550.00	6/26/2025	CE	17550	75	1800	42181
N	D	NIFTY 26 JUN 2025 PE 17550.00	6/26/2025	PE	17550	75	1800	42182
N	D	NIFTY 26 JUN 2025 CE 17600.00	6/26/2025	CE	17600	75	1800	42183
N	D	NIFTY 26 JUN 2025 PE 17600.00	6/26/2025	PE	17600	75	1800	42184
N	D	NIFTY 26 JUN 2025 CE 29650.00	6/26/2025	CE	29650	75	1800	42505
N	D	NIFTY 26 JUN 2025 PE 29650.00	6/26/2025	PE	29650	75	1800	42506
N	D	NIFTY 26 JUN 2025 CE 29700.00	6/26/2025	CE	29700	75	1800	42507
N	D	NIFTY 26 JUN 2025 PE 29700.00	6/26/2025	PE	29700	75	1800	42508
N	D	NIFTY 26 JUN 2025 CE 14000.00	6/26/2025	CE	14000	75	1800	43385
N	D	NIFTY 26 JUN 2025 PE 14000.00	6/26/2025	PE	14000	75	1800	43386
N	D	NIFTY 26 JUN 2025 CE 30350.00	6/26/2025	CE	30350	75	1800	43549
N	D	NIFTY 26 JUN 2025 PE 30350.00	6/26/2025	PE	30350	75	1800	43550
N	D	NIFTY 26 JUN 2025 CE 9000.00	6/26/2025	CE	9000	75	1800	45798
N	D	NIFTY 26 JUN 2025 PE 9000.00	6/26/2025	PE	9000	75	1800	45799
N	D	NIFTY 26 JUN 2025 CE 10000.00	6/26/2025	CE	10000	75	1800	45800
N	D	NIFTY 26 JUN 2025 PE 10000.00	6/26/2025	PE	10000	75	1800	45804
N	D	NIFTY 26 JUN 2025 CE 34000.00	6/26/2025	CE	34000	75	1800	45806
N	D	NIFTY 26 JUN 2025 PE 34000.00	6/26/2025	PE	34000	75	1800	45809
N	D	NIFTY 26 JUN 2025 CE 35000.00	6/26/2025	CE	35000	75	1800	45810
N	D	NIFTY 26 JUN 2025 PE 35000.00	6/26/2025	PE	35000	75	1800	45828
N	D	NIFTY 26 JUN 2025 CE 36000.00	6/26/2025	CE	36000	75	1800	45829
N	D	NIFTY 26 JUN 2025 PE 36000.00	6/26/2025	PE	36000	75	1800	45830
N	D	NIFTY 26 JUN 2025 CE 37000.00	6/26/2025	CE	37000	75	1800	45831
N	D	NIFTY 26 JUN 2025 PE 37000.00	6/26/2025	PE	37000	75	1800	45835
N	D	NIFTY 26 JUN 2025 CE 38000.00	6/26/2025	CE	38000	75	1800	45836
N	D	NIFTY 26 JUN 2025 PE 38000.00	6/26/2025	PE	38000	75	1800	45837
N	D	NIFTY 26 JUN 2025 CE 17000.00	6/26/2025	CE	17000	75	1800	45865
N	D	NIFTY 26 JUN 2025 PE 17000.00	6/26/2025	PE	17000	75	1800	45866
N	D	NIFTY 26 JUN 2025 CE 29750.00	6/26/2025	CE	29750	75	1800	46933
N	D	NIFTY 26 JUN 2025 PE 29750.00	6/26/2025	PE	29750	75	1800	46936
N	D	NIFTY 26 JUN 2025 CE 29800.00	6/26/2025	CE	29800	75	1800	46937
N	D	NIFTY 26 JUN 2025 PE 29800.00	6/26/2025	PE	29800	75	1800	46938
N	D	NIFTY 26 JUN 2025 CE 29850.00	6/26/2025	CE	29850	75	1800	46939
N	D	NIFTY 26 JUN 2025 PE 29850.00	6/26/2025	PE	29850	75	1800	46940
N	D	NIFTY 26 JUN 2025 CE 29900.00	6/26/2025	CE	29900	75	1800	46941
N	D	NIFTY 26 JUN 2025 PE 29900.00	6/26/2025	PE	29900	75	1800	46942
N	D	NIFTY 26 JUN 2025 CE 29950.00	6/26/2025	CE	29950	75	1800	46943
N	D	NIFTY 26 JUN 2025 PE 29950.00	6/26/2025	PE	29950	75	1800	46954
N	D	NIFTY 26 JUN 2025 CE 30050.00	6/26/2025	CE	30050	75	1800	46955
N	D	NIFTY 26 JUN 2025 PE 30050.00	6/26/2025	PE	30050	75	1800	46958
N	D	NIFTY 26 JUN 2025 CE 30100.00	6/26/2025	CE	30100	75	1800	46959
N	D	NIFTY 26 JUN 2025 PE 30100.00	6/26/2025	PE	30100	75	1800	46960
N	D	NIFTY 26 JUN 2025 CE 30150.00	6/26/2025	CE	30150	75	1800	46961
N	D	NIFTY 26 JUN 2025 PE 30150.00	6/26/2025	PE	30150	75	1800	46962
N	D	NIFTY 26 JUN 2025 CE 33000.00	6/26/2025	CE	33000	75	1800	47181
N	D	NIFTY 26 JUN 2025 PE 33000.00	6/26/2025	PE	33000	75	1800	47182
N	D	NIFTY 26 JUN 2025 CE 8000.00	6/26/2025	CE	8000	75	1800	48039
N	D	NIFTY 26 JUN 2025 PE 8000.00	6/26/2025	PE	8000	75	1800	48040
N	D	NIFTY 26 JUN 2025 CE 29150.00	6/26/2025	CE	29150	75	1800	48110
N	D	NIFTY 26 JUN 2025 PE 29150.00	6/26/2025	PE	29150	75	1800	48111
N	D	NIFTY 26 JUN 2025 CE 29200.00	6/26/2025	CE	29200	75	1800	48112
N	D	NIFTY 26 JUN 2025 PE 29200.00	6/26/2025	PE	29200	75	1800	48113
N	D	NIFTY 26 JUN 2025 CE 29250.00	6/26/2025	CE	29250	75	1800	48114
N	D	NIFTY 26 JUN 2025 PE 29250.00	6/26/2025	PE	29250	75	1800	48115
N	D	NIFTY 26 JUN 2025 CE 29300.00	6/26/2025	CE	29300	75	1800	48116
N	D	NIFTY 26 JUN 2025 PE 29300.00	6/26/2025	PE	29300	75	1800	48117
N	D	NIFTY 26 JUN 2025 CE 29350.00	6/26/2025	CE	29350	75	1800	48118
N	D	NIFTY 26 JUN 2025 PE 29350.00	6/26/2025	PE	29350	75	1800	48119
N	D	NIFTY 26 JUN 2025 CE 29400.00	6/26/2025	CE	29400	75	1800	48120
N	D	NIFTY 26 JUN 2025 PE 29400.00	6/26/2025	PE	29400	75	1800	48123
N	D	NIFTY 26 JUN 2025 CE 28900.00	6/26/2025	CE	28900	75	1800	49498
N	D	NIFTY 26 JUN 2025 PE 28900.00	6/26/2025	PE	28900	75	1800	49499
N	D	NIFTY 26 JUN 2025 CE 28950.00	6/26/2025	CE	28950	75	1800	49500
N	D	NIFTY 26 JUN 2025 PE 28950.00	6/26/2025	PE	28950	75	1800	49502
N	D	NIFTY 26 JUN 2025 CE 29050.00	6/26/2025	CE	29050	75	1800	49505
N	D	NIFTY 26 JUN 2025 PE 29050.00	6/26/2025	PE	29050	75	1800	49506
N	D	NIFTY 26 JUN 2025 CE 29100.00	6/26/2025	CE	29100	75	1800	49507
N	D	NIFTY 26 JUN 2025 PE 29100.00	6/26/2025	PE	29100	75	1800	49508
N	D	NIFTY 26 JUN 2025 CE 28000.00	6/26/2025	CE	28000	75	1800	50537
N	D	NIFTY 26 JUN 2025 PE 28000.00	6/26/2025	PE	28000	75	1800	50538
N	D	NIFTY 26 JUN 2025 CE 32000.00	6/26/2025	CE	32000	75	1800	50854
N	D	NIFTY 26 JUN 2025 PE 32000.00	6/26/2025	PE	32000	75	1800	50855
N	D	NIFTY 26 JUN 2025 CE 27000.00	6/26/2025	CE	27000	75	1800	50969
N	D	NIFTY 26 JUN 2025 PE 27000.00	6/26/2025	PE	27000	75	1800	50970
N	D	NIFTY 26 JUN 2025 CE 30200.00	6/26/2025	CE	30200	75	1800	51293
N	D	NIFTY 26 JUN 2025 PE 30200.00	6/26/2025	PE	30200	75	1800	51294
N	D	NIFTY 26 JUN 2025 CE 30250.00	6/26/2025	CE	30250	75	1800	51295
N	D	NIFTY 26 JUN 2025 PE 30250.00	6/26/2025	PE	30250	75	1800	51296
N	D	NIFTY 26 JUN 2025 CE 30300.00	6/26/2025	CE	30300	75	1800	51297
N	D	NIFTY 26 JUN 2025 PE 30300.00	6/26/2025	PE	30300	75	1800	51298
N	D	NIFTY 26 JUN 2025 CE 21000.00	6/26/2025	CE	21000	75	1800	51449
N	D	NIFTY 26 JUN 2025 PE 21000.00	6/26/2025	PE	21000	75	1800	51450
N	D	NIFTY 26 JUN 2025 CE 29450.00	6/26/2025	CE	29450	75	1800	52457
N	D	NIFTY 26 JUN 2025 PE 29450.00	6/26/2025	PE	29450	75	1800	52462
N	D	NIFTY 26 JUN 2025 CE 29500.00	6/26/2025	CE	29500	75	1800	52463
N	D	NIFTY 26 JUN 2025 PE 29500.00	6/26/2025	PE	29500	75	1800	52464
N	D	NIFTY 26 JUN 2025 CE 29550.00	6/26/2025	CE	29550	75	1800	52465
N	D	NIFTY 26 JUN 2025 PE 29550.00	6/26/2025	PE	29550	75	1800	52474
N	D	NIFTY 26 JUN 2025 CE 29600.00	6/26/2025	CE	29600	75	1800	52475
N	D	NIFTY 26 JUN 2025 PE 29600.00	6/26/2025	PE	29600	75	1800	52476
N	D	NIFTY 26 JUN 2025 CE 18000.00	6/26/2025	CE	18000	75	1800	55119
N	D	NIFTY 26 JUN 2025 PE 18000.00	6/26/2025	PE	18000	75	1800	55120
N	D	NIFTY 26 JUN 2025	6/26/2025	XX	0	75	1800	56785
N	D	NIFTY 26 JUN 2025 CE 12000.00	6/26/2025	CE	12000	75	1800	58616
N	D	NIFTY 26 JUN 2025 PE 12000.00	6/26/2025	PE	12000	75	1800	58617
N	D	NIFTY 26 JUN 2025 CE 22000.00	6/26/2025	CE	22000	75	1800	58618
N	D	NIFTY 26 JUN 2025 PE 22000.00	6/26/2025	PE	22000	75	1800	58619
N	D	NIFTY 26 JUN 2025 CE 39000.00	6/26/2025	CE	39000	75	1800	59058
N	D	NIFTY 26 JUN 2025 PE 39000.00	6/26/2025	PE	39000	75	1800	59059
N	D	NIFTY 26 JUN 2025 CE 11000.00	6/26/2025	CE	11000	75	1800	60928
N	D	NIFTY 26 JUN 2025 PE 11000.00	6/26/2025	PE	11000	75	1800	60929
N	D	NIFTY 26 JUN 2025 CE 18350.00	6/26/2025	CE	18350	75	1800	61841
N	D	NIFTY 26 JUN 2025 PE 18350.00	6/26/2025	PE	18350	75	1800	61842
N	D	NIFTY 26 JUN 2025 CE 18400.00	6/26/2025	CE	18400	75	1800	61843
N	D	NIFTY 26 JUN 2025 PE 18400.00	6/26/2025	PE	18400	75	1800	61844
N	D	NIFTY 26 JUN 2025 CE 18450.00	6/26/2025	CE	18450	75	1800	61845
N	D	NIFTY 26 JUN 2025 PE 18450.00	6/26/2025	PE	18450	75	1800	61846
N	D	NIFTY 26 JUN 2025 CE 18500.00	6/26/2025	CE	18500	75	1800	61847
N	D	NIFTY 26 JUN 2025 PE 18500.00	6/26/2025	PE	18500	75	1800	61848
N	D	NIFTY 26 JUN 2025 CE 18550.00	6/26/2025	CE	18550	75	1800	61849
N	D	NIFTY 26 JUN 2025 PE 18550.00	6/26/2025	PE	18550	75	1800	61850
N	D	NIFTY 26 JUN 2025 CE 18600.00	6/26/2025	CE	18600	75	1800	61851
N	D	NIFTY 26 JUN 2025 PE 18600.00	6/26/2025	PE	18600	75	1800	61852
N	D	NIFTY 26 JUN 2025 CE 18650.00	6/26/2025	CE	18650	75	1800	61853
N	D	NIFTY 26 JUN 2025 PE 18650.00	6/26/2025	PE	18650	75	1800	61854
N	D	NIFTY 26 JUN 2025 CE 18700.00	6/26/2025	CE	18700	75	1800	61855
N	D	NIFTY 26 JUN 2025 PE 18700.00	6/26/2025	PE	18700	75	1800	61856
N	D	NIFTY 26 JUN 2025 CE 18750.00	6/26/2025	CE	18750	75	1800	61857
N	D	NIFTY 26 JUN 2025 PE 18750.00	6/26/2025	PE	18750	75	1800	61860
N	D	NIFTY 26 JUN 2025 CE 18800.00	6/26/2025	CE	18800	75	1800	61861
N	D	NIFTY 26 JUN 2025 PE 18800.00	6/26/2025	PE	18800	75	1800	61862
N	D	NIFTY 26 JUN 2025 CE 18850.00	6/26/2025	CE	18850	75	1800	61863
N	D	NIFTY 26 JUN 2025 PE 18850.00	6/26/2025	PE	18850	75	1800	61864
N	D	NIFTY 26 JUN 2025 CE 18900.00	6/26/2025	CE	18900	75	1800	61865
N	D	NIFTY 26 JUN 2025 PE 18900.00	6/26/2025	PE	18900	75	1800	61866
N	D	NIFTY 26 JUN 2025 CE 18950.00	6/26/2025	CE	18950	75	1800	61867
N	D	NIFTY 26 JUN 2025 PE 18950.00	6/26/2025	PE	18950	75	1800	61868
N	D	NIFTY 26 JUN 2025 CE 19050.00	6/26/2025	CE	19050	75	1800	61869
N	D	NIFTY 26 JUN 2025 PE 19050.00	6/26/2025	PE	19050	75	1800	61870
N	D	NIFTY 26 JUN 2025 CE 19100.00	6/26/2025	CE	19100	75	1800	61871
N	D	NIFTY 26 JUN 2025 PE 19100.00	6/26/2025	PE	19100	75	1800	61872
N	D	NIFTY 26 JUN 2025 CE 19150.00	6/26/2025	CE	19150	75	1800	61873
N	D	NIFTY 26 JUN 2025 PE 19150.00	6/26/2025	PE	19150	75	1800	61874
N	D	NIFTY 26 JUN 2025 CE 19200.00	6/26/2025	CE	19200	75	1800	61875
N	D	NIFTY 26 JUN 2025 PE 19200.00	6/26/2025	PE	19200	75	1800	61876
N	D	NIFTY 26 JUN 2025 CE 19250.00	6/26/2025	CE	19250	75	1800	61877
N	D	NIFTY 26 JUN 2025 PE 19250.00	6/26/2025	PE	19250	75	1800	61878
N	D	NIFTY 26 JUN 2025 CE 19300.00	6/26/2025	CE	19300	75	1800	61879
N	D	NIFTY 26 JUN 2025 PE 19300.00	6/26/2025	PE	19300	75	1800	61880
N	D	NIFTY 26 JUN 2025 CE 19350.00	6/26/2025	CE	19350	75	1800	61881
N	D	NIFTY 26 JUN 2025 PE 19350.00	6/26/2025	PE	19350	75	1800	61882
N	D	NIFTY 26 JUN 2025 CE 19400.00	6/26/2025	CE	19400	75	1800	61883
N	D	NIFTY 26 JUN 2025 PE 19400.00	6/26/2025	PE	19400	75	1800	61884
N	D	NIFTY 26 JUN 2025 CE 19450.00	6/26/2025	CE	19450	75	1800	61885
N	D	NIFTY 26 JUN 2025 PE 19450.00	6/26/2025	PE	19450	75	1800	61886
N	D	NIFTY 26 JUN 2025 CE 19500.00	6/26/2025	CE	19500	75	1800	61887
N	D	NIFTY 26 JUN 2025 PE 19500.00	6/26/2025	PE	19500	75	1800	61888
N	D	NIFTY 26 JUN 2025 CE 19550.00	6/26/2025	CE	19550	75	1800	61889
N	D	NIFTY 26 JUN 2025 PE 19550.00	6/26/2025	PE	19550	75	1800	61890
N	D	NIFTY 26 JUN 2025 CE 19600.00	6/26/2025	CE	19600	75	1800	61891
N	D	NIFTY 26 JUN 2025 PE 19600.00	6/26/2025	PE	19600	75	1800	61892
N	D	NIFTY 26 JUN 2025 CE 19650.00	6/26/2025	CE	19650	75	1800	61893
N	D	NIFTY 26 JUN 2025 PE 19650.00	6/26/2025	PE	19650	75	1800	61894
N	D	NIFTY 26 JUN 2025 CE 19700.00	6/26/2025	CE	19700	75	1800	61895
N	D	NIFTY 26 JUN 2025 PE 19700.00	6/26/2025	PE	19700	75	1800	61896
N	D	NIFTY 26 JUN 2025 CE 19750.00	6/26/2025	CE	19750	75	1800	61897
N	D	NIFTY 26 JUN 2025 PE 19750.00	6/26/2025	PE	19750	75	1800	61898
N	D	NIFTY 26 JUN 2025 CE 19800.00	6/26/2025	CE	19800	75	1800	61899
N	D	NIFTY 26 JUN 2025 PE 19800.00	6/26/2025	PE	19800	75	1800	61900
N	D	NIFTY 26 JUN 2025 CE 19850.00	6/26/2025	CE	19850	75	1800	61901
N	D	NIFTY 26 JUN 2025 PE 19850.00	6/26/2025	PE	19850	75	1800	61902
N	D	NIFTY 26 JUN 2025 CE 19900.00	6/26/2025	CE	19900	75	1800	61903
N	D	NIFTY 26 JUN 2025 PE 19900.00	6/26/2025	PE	19900	75	1800	61904
N	D	NIFTY 26 JUN 2025 CE 19950.00	6/26/2025	CE	19950	75	1800	61905
N	D	NIFTY 26 JUN 2025 PE 19950.00	6/26/2025	PE	19950	75	1800	61906
N	D	NIFTY 26 JUN 2025 CE 20050.00	6/26/2025	CE	20050	75	1800	61907
N	D	NIFTY 26 JUN 2025 PE 20050.00	6/26/2025	PE	20050	75	1800	62030
N	D	NIFTY 26 JUN 2025 CE 20100.00	6/26/2025	CE	20100	75	1800	62031
N	D	NIFTY 26 JUN 2025 PE 20100.00	6/26/2025	PE	20100	75	1800	62032
N	D	NIFTY 26 JUN 2025 CE 20150.00	6/26/2025	CE	20150	75	1800	62033
N	D	NIFTY 26 JUN 2025 PE 20150.00	6/26/2025	PE	20150	75	1800	62036
N	D	NIFTY 26 JUN 2025 CE 20200.00	6/26/2025	CE	20200	75	1800	62037
N	D	NIFTY 26 JUN 2025 PE 20200.00	6/26/2025	PE	20200	75	1800	62048
N	D	NIFTY 26 JUN 2025 CE 20250.00	6/26/2025	CE	20250	75	1800	62049
N	D	NIFTY 26 JUN 2025 PE 20250.00	6/26/2025	PE	20250	75	1800	62054
N	D	NIFTY 26 JUN 2025 CE 20300.00	6/26/2025	CE	20300	75	1800	62055
N	D	NIFTY 26 JUN 2025 PE 20300.00	6/26/2025	PE	20300	75	1800	62058
N	D	NIFTY 26 JUN 2025 CE 20350.00	6/26/2025	CE	20350	75	1800	62059
N	D	NIFTY 26 JUN 2025 PE 20350.00	6/26/2025	PE	20350	75	1800	62060
N	D	NIFTY 26 JUN 2025 CE 20400.00	6/26/2025	CE	20400	75	1800	62061
N	D	NIFTY 26 JUN 2025 PE 20400.00	6/26/2025	PE	20400	75	1800	62062
N	D	NIFTY 26 JUN 2025 CE 20450.00	6/26/2025	CE	20450	75	1800	62063
N	D	NIFTY 26 JUN 2025 PE 20450.00	6/26/2025	PE	20450	75	1800	62064
N	D	NIFTY 26 JUN 2025 CE 20500.00	6/26/2025	CE	20500	75	1800	62065
N	D	NIFTY 26 JUN 2025 PE 20500.00	6/26/2025	PE	20500	75	1800	62066
N	D	NIFTY 26 JUN 2025 CE 20550.00	6/26/2025	CE	20550	75	1800	62067
N	D	NIFTY 26 JUN 2025 PE 20550.00	6/26/2025	PE	20550	75	1800	62070
N	D	NIFTY 26 JUN 2025 CE 20600.00	6/26/2025	CE	20600	75	1800	62071
N	D	NIFTY 26 JUN 2025 PE 20600.00	6/26/2025	PE	20600	75	1800	62072
N	D	NIFTY 26 JUN 2025 CE 20650.00	6/26/2025	CE	20650	75	1800	62073
N	D	NIFTY 26 JUN 2025 PE 20650.00	6/26/2025	PE	20650	75	1800	62074
N	D	NIFTY 26 JUN 2025 CE 20700.00	6/26/2025	CE	20700	75	1800	62075
N	D	NIFTY 26 JUN 2025 PE 20700.00	6/26/2025	PE	20700	75	1800	62076
N	D	NIFTY 26 JUN 2025 CE 20750.00	6/26/2025	CE	20750	75	1800	62077
N	D	NIFTY 26 JUN 2025 PE 20750.00	6/26/2025	PE	20750	75	1800	62080
N	D	NIFTY 26 JUN 2025 CE 20800.00	6/26/2025	CE	20800	75	1800	62081
N	D	NIFTY 26 JUN 2025 PE 20800.00	6/26/2025	PE	20800	75	1800	62086
N	D	NIFTY 26 JUN 2025 CE 20850.00	6/26/2025	CE	20850	75	1800	62087
N	D	NIFTY 26 JUN 2025 PE 20850.00	6/26/2025	PE	20850	75	1800	62090
N	D	NIFTY 26 JUN 2025 CE 20900.00	6/26/2025	CE	20900	75	1800	62091
N	D	NIFTY 26 JUN 2025 PE 20900.00	6/26/2025	PE	20900	75	1800	62098
N	D	NIFTY 26 JUN 2025 CE 20950.00	6/26/2025	CE	20950	75	1800	62099
N	D	NIFTY 26 JUN 2025 PE 20950.00	6/26/2025	PE	20950	75	1800	62104
N	D	NIFTY 26 JUN 2025 CE 21050.00	6/26/2025	CE	21050	75	1800	62105
N	D	NIFTY 26 JUN 2025 PE 21050.00	6/26/2025	PE	21050	75	1800	62121
N	D	NIFTY 26 JUN 2025 CE 21100.00	6/26/2025	CE	21100	75	1800	62122
N	D	NIFTY 26 JUN 2025 PE 21100.00	6/26/2025	PE	21100	75	1800	62124
N	D	NIFTY 26 JUN 2025 CE 21150.00	6/26/2025	CE	21150	75	1800	62125
N	D	NIFTY 26 JUN 2025 PE 21150.00	6/26/2025	PE	21150	75	1800	62126
N	D	NIFTY 26 JUN 2025 CE 21200.00	6/26/2025	CE	21200	75	1800	62127
N	D	NIFTY 26 JUN 2025 PE 21200.00	6/26/2025	PE	21200	75	1800	62132
N	D	NIFTY 26 JUN 2025 CE 21250.00	6/26/2025	CE	21250	75	1800	62133
N	D	NIFTY 26 JUN 2025 PE 21250.00	6/26/2025	PE	21250	75	1800	62134
N	D	NIFTY 26 JUN 2025 CE 21300.00	6/26/2025	CE	21300	75	1800	62135
N	D	NIFTY 26 JUN 2025 PE 21300.00	6/26/2025	PE	21300	75	1800	62136
N	D	NIFTY 26 JUN 2025 CE 21350.00	6/26/2025	CE	21350	75	1800	62137
N	D	NIFTY 26 JUN 2025 PE 21350.00	6/26/2025	PE	21350	75	1800	62138
N	D	NIFTY 26 JUN 2025 CE 21400.00	6/26/2025	CE	21400	75	1800	62139
N	D	NIFTY 26 JUN 2025 PE 21400.00	6/26/2025	PE	21400	75	1800	62140
N	D	NIFTY 26 JUN 2025 CE 21450.00	6/26/2025	CE	21450	75	1800	62141
N	D	NIFTY 26 JUN 2025 PE 21450.00	6/26/2025	PE	21450	75	1800	62142
N	D	NIFTY 26 JUN 2025 CE 21500.00	6/26/2025	CE	21500	75	1800	62143
N	D	NIFTY 26 JUN 2025 PE 21500.00	6/26/2025	PE	21500	75	1800	62144
N	D	NIFTY 26 JUN 2025 CE 21550.00	6/26/2025	CE	21550	75	1800	62145
N	D	NIFTY 26 JUN 2025 PE 21550.00	6/26/2025	PE	21550	75	1800	62146
N	D	NIFTY 26 JUN 2025 CE 21600.00	6/26/2025	CE	21600	75	1800	62147
N	D	NIFTY 26 JUN 2025 PE 21600.00	6/26/2025	PE	21600	75	1800	62148
N	D	NIFTY 26 JUN 2025 CE 21650.00	6/26/2025	CE	21650	75	1800	62149
N	D	NIFTY 26 JUN 2025 PE 21650.00	6/26/2025	PE	21650	75	1800	62156
N	D	NIFTY 26 JUN 2025 CE 21700.00	6/26/2025	CE	21700	75	1800	62157
N	D	NIFTY 26 JUN 2025 PE 21700.00	6/26/2025	PE	21700	75	1800	62160
N	D	NIFTY 26 JUN 2025 CE 21750.00	6/26/2025	CE	21750	75	1800	62161
N	D	NIFTY 26 JUN 2025 PE 21750.00	6/26/2025	PE	21750	75	1800	62162
N	D	NIFTY 26 JUN 2025 CE 21800.00	6/26/2025	CE	21800	75	1800	62163
N	D	NIFTY 26 JUN 2025 PE 21800.00	6/26/2025	PE	21800	75	1800	62164
N	D	NIFTY 26 JUN 2025 CE 21850.00	6/26/2025	CE	21850	75	1800	62165
N	D	NIFTY 26 JUN 2025 PE 21850.00	6/26/2025	PE	21850	75	1800	62166
N	D	NIFTY 26 JUN 2025 CE 21900.00	6/26/2025	CE	21900	75	1800	62167
N	D	NIFTY 26 JUN 2025 PE 21900.00	6/26/2025	PE	21900	75	1800	62170
N	D	NIFTY 26 JUN 2025 CE 21950.00	6/26/2025	CE	21950	75	1800	62171
N	D	NIFTY 26 JUN 2025 PE 21950.00	6/26/2025	PE	21950	75	1800	62172
N	D	NIFTY 26 JUN 2025 CE 22050.00	6/26/2025	CE	22050	75	1800	62173
N	D	NIFTY 26 JUN 2025 PE 22050.00	6/26/2025	PE	22050	75	1800	62174
N	D	NIFTY 26 JUN 2025 CE 22100.00	6/26/2025	CE	22100	75	1800	62175
N	D	NIFTY 26 JUN 2025 PE 22100.00	6/26/2025	PE	22100	75	1800	62184
N	D	NIFTY 26 JUN 2025 CE 22150.00	6/26/2025	CE	22150	75	1800	62185
N	D	NIFTY 26 JUN 2025 PE 22150.00	6/26/2025	PE	22150	75	1800	62186
N	D	NIFTY 26 JUN 2025 CE 22200.00	6/26/2025	CE	22200	75	1800	62187
N	D	NIFTY 26 JUN 2025 PE 22200.00	6/26/2025	PE	22200	75	1800	62188
N	D	NIFTY 26 JUN 2025 CE 22250.00	6/26/2025	CE	22250	75	1800	62189
N	D	NIFTY 26 JUN 2025 PE 22250.00	6/26/2025	PE	22250	75	1800	62190
N	D	NIFTY 26 JUN 2025 CE 22300.00	6/26/2025	CE	22300	75	1800	62191
N	D	NIFTY 26 JUN 2025 PE 22300.00	6/26/2025	PE	22300	75	1800	62192
N	D	NIFTY 26 JUN 2025 CE 22350.00	6/26/2025	CE	22350	75	1800	62193
N	D	NIFTY 26 JUN 2025 PE 22350.00	6/26/2025	PE	22350	75	1800	62194
N	D	NIFTY 26 JUN 2025 CE 22400.00	6/26/2025	CE	22400	75	1800	62195
N	D	NIFTY 26 JUN 2025 PE 22400.00	6/26/2025	PE	22400	75	1800	62196
N	D	NIFTY 26 JUN 2025 CE 22450.00	6/26/2025	CE	22450	75	1800	62197
N	D	NIFTY 26 JUN 2025 PE 22450.00	6/26/2025	PE	22450	75	1800	62198
N	D	NIFTY 26 JUN 2025 CE 22500.00	6/26/2025	CE	22500	75	1800	62199
N	D	NIFTY 26 JUN 2025 PE 22500.00	6/26/2025	PE	22500	75	1800	62200
N	D	NIFTY 26 JUN 2025 CE 22550.00	6/26/2025	CE	22550	75	1800	62201
N	D	NIFTY 26 JUN 2025 PE 22550.00	6/26/2025	PE	22550	75	1800	62202
N	D	NIFTY 26 JUN 2025 CE 22600.00	6/26/2025	CE	22600	75	1800	62203
N	D	NIFTY 26 JUN 2025 PE 22600.00	6/26/2025	PE	22600	75	1800	62204
N	D	NIFTY 26 JUN 2025 CE 22650.00	6/26/2025	CE	22650	75	1800	62205
N	D	NIFTY 26 JUN 2025 PE 22650.00	6/26/2025	PE	22650	75	1800	62206
N	D	NIFTY 26 JUN 2025 CE 22700.00	6/26/2025	CE	22700	75	1800	62207
N	D	NIFTY 26 JUN 2025 PE 22700.00	6/26/2025	PE	22700	75	1800	62208
N	D	NIFTY 26 JUN 2025 CE 22750.00	6/26/2025	CE	22750	75	1800	62209
N	D	NIFTY 26 JUN 2025 PE 22750.00	6/26/2025	PE	22750	75	1800	62210
N	D	NIFTY 26 JUN 2025 CE 22800.00	6/26/2025	CE	22800	75	1800	62211
N	D	NIFTY 26 JUN 2025 PE 22800.00	6/26/2025	PE	22800	75	1800	62214
N	D	NIFTY 26 JUN 2025 CE 22850.00	6/26/2025	CE	22850	75	1800	62215
N	D	NIFTY 26 JUN 2025 PE 22850.00	6/26/2025	PE	22850	75	1800	62256
N	D	NIFTY 26 JUN 2025 CE 22900.00	6/26/2025	CE	22900	75	1800	62257
N	D	NIFTY 26 JUN 2025 PE 22900.00	6/26/2025	PE	22900	75	1800	62258
N	D	NIFTY 26 JUN 2025 CE 22950.00	6/26/2025	CE	22950	75	1800	62259
N	D	NIFTY 26 JUN 2025 PE 22950.00	6/26/2025	PE	22950	75	1800	62264
N	D	NIFTY 26 JUN 2025 CE 23050.00	6/26/2025	CE	23050	75	1800	62265
N	D	NIFTY 26 JUN 2025 PE 23050.00	6/26/2025	PE	23050	75	1800	62266
N	D	NIFTY 26 JUN 2025 CE 23100.00	6/26/2025	CE	23100	75	1800	62267
N	D	NIFTY 26 JUN 2025 PE 23100.00	6/26/2025	PE	23100	75	1800	62298
N	D	NIFTY 26 JUN 2025 CE 23150.00	6/26/2025	CE	23150	75	1800	62299
N	D	NIFTY 26 JUN 2025 PE 23150.00	6/26/2025	PE	23150	75	1800	62308
N	D	NIFTY 26 JUN 2025 CE 23200.00	6/26/2025	CE	23200	75	1800	62309
N	D	NIFTY 26 JUN 2025 PE 23200.00	6/26/2025	PE	23200	75	1800	62318
N	D	NIFTY 26 JUN 2025 CE 23250.00	6/26/2025	CE	23250	75	1800	62319
N	D	NIFTY 26 JUN 2025 PE 23250.00	6/26/2025	PE	23250	75	1800	62320
N	D	NIFTY 26 JUN 2025 CE 23300.00	6/26/2025	CE	23300	75	1800	62321
N	D	NIFTY 26 JUN 2025 PE 23300.00	6/26/2025	PE	23300	75	1800	62322
N	D	NIFTY 26 JUN 2025 CE 23350.00	6/26/2025	CE	23350	75	1800	62323
N	D	NIFTY 26 JUN 2025 PE 23350.00	6/26/2025	PE	23350	75	1800	62324
N	D	NIFTY 26 JUN 2025 CE 23400.00	6/26/2025	CE	23400	75	1800	62325
N	D	NIFTY 26 JUN 2025 PE 23400.00	6/26/2025	PE	23400	75	1800	62326
N	D	NIFTY 26 JUN 2025 CE 23450.00	6/26/2025	CE	23450	75	1800	62327
N	D	NIFTY 26 JUN 2025 PE 23450.00	6/26/2025	PE	23450	75	1800	62328
N	D	NIFTY 26 JUN 2025 CE 23500.00	6/26/2025	CE	23500	75	1800	62329
N	D	NIFTY 26 JUN 2025 PE 23500.00	6/26/2025	PE	23500	75	1800	62330
N	D	NIFTY 26 JUN 2025 CE 23550.00	6/26/2025	CE	23550	75	1800	62331
N	D	NIFTY 26 JUN 2025 PE 23550.00	6/26/2025	PE	23550	75	1800	62332
N	D	NIFTY 26 JUN 2025 CE 23600.00	6/26/2025	CE	23600	75	1800	62333
N	D	NIFTY 26 JUN 2025 PE 23600.00	6/26/2025	PE	23600	75	1800	62334
N	D	NIFTY 26 JUN 2025 CE 23650.00	6/26/2025	CE	23650	75	1800	62335
N	D	NIFTY 26 JUN 2025 PE 23650.00	6/26/2025	PE	23650	75	1800	62336
N	D	NIFTY 26 JUN 2025 CE 23700.00	6/26/2025	CE	23700	75	1800	62337
N	D	NIFTY 26 JUN 2025 PE 23700.00	6/26/2025	PE	23700	75	1800	62338
N	D	NIFTY 26 JUN 2025 CE 23750.00	6/26/2025	CE	23750	75	1800	62339
N	D	NIFTY 26 JUN 2025 PE 23750.00	6/26/2025	PE	23750	75	1800	62342
N	D	NIFTY 26 JUN 2025 CE 23800.00	6/26/2025	CE	23800	75	1800	62343
N	D	NIFTY 26 JUN 2025 PE 23800.00	6/26/2025	PE	23800	75	1800	62344
N	D	NIFTY 26 JUN 2025 CE 23850.00	6/26/2025	CE	23850	75	1800	62345
N	D	NIFTY 26 JUN 2025 PE 23850.00	6/26/2025	PE	23850	75	1800	62346
N	D	NIFTY 26 JUN 2025 CE 23900.00	6/26/2025	CE	23900	75	1800	62347
N	D	NIFTY 26 JUN 2025 PE 23900.00	6/26/2025	PE	23900	75	1800	62348
N	D	NIFTY 26 JUN 2025 CE 23950.00	6/26/2025	CE	23950	75	1800	62349
N	D	NIFTY 26 JUN 2025 PE 23950.00	6/26/2025	PE	23950	75	1800	62350
N	D	NIFTY 26 JUN 2025 CE 24050.00	6/26/2025	CE	24050	75	1800	62351
N	D	NIFTY 26 JUN 2025 PE 24050.00	6/26/2025	PE	24050	75	1800	62352
N	D	NIFTY 26 JUN 2025 CE 24100.00	6/26/2025	CE	24100	75	1800	62353
N	D	NIFTY 26 JUN 2025 PE 24100.00	6/26/2025	PE	24100	75	1800	62354
N	D	NIFTY 26 JUN 2025 CE 24150.00	6/26/2025	CE	24150	75	1800	62355
N	D	NIFTY 26 JUN 2025 PE 24150.00	6/26/2025	PE	24150	75	1800	62358
N	D	NIFTY 26 JUN 2025 CE 24200.00	6/26/2025	CE	24200	75	1800	62359
N	D	NIFTY 26 JUN 2025 PE 24200.00	6/26/2025	PE	24200	75	1800	62360
N	D	NIFTY 26 JUN 2025 CE 24250.00	6/26/2025	CE	24250	75	1800	62361
N	D	NIFTY 26 JUN 2025 PE 24250.00	6/26/2025	PE	24250	75	1800	62362
N	D	NIFTY 26 JUN 2025 CE 24300.00	6/26/2025	CE	24300	75	1800	62363
N	D	NIFTY 26 JUN 2025 PE 24300.00	6/26/2025	PE	24300	75	1800	62366
N	D	NIFTY 26 JUN 2025 CE 24350.00	6/26/2025	CE	24350	75	1800	62367
N	D	NIFTY 26 JUN 2025 PE 24350.00	6/26/2025	PE	24350	75	1800	62370
N	D	NIFTY 26 JUN 2025 CE 24400.00	6/26/2025	CE	24400	75	1800	62371
N	D	NIFTY 26 JUN 2025 PE 24400.00	6/26/2025	PE	24400	75	1800	62372
N	D	NIFTY 26 JUN 2025 CE 24450.00	6/26/2025	CE	24450	75	1800	62373
N	D	NIFTY 26 JUN 2025 PE 24450.00	6/26/2025	PE	24450	75	1800	62374
N	D	NIFTY 26 JUN 2025 CE 24500.00	6/26/2025	CE	24500	75	1800	62375
N	D	NIFTY 26 JUN 2025 PE 24500.00	6/26/2025	PE	24500	75	1800	62376
N	D	NIFTY 26 JUN 2025 CE 24550.00	6/26/2025	CE	24550	75	1800	62377
N	D	NIFTY 26 JUN 2025 PE 24550.00	6/26/2025	PE	24550	75	1800	62378
N	D	NIFTY 26 JUN 2025 CE 24600.00	6/26/2025	CE	24600	75	1800	62379
N	D	NIFTY 26 JUN 2025 PE 24600.00	6/26/2025	PE	24600	75	1800	62380
N	D	NIFTY 26 JUN 2025 CE 24650.00	6/26/2025	CE	24650	75	1800	62381
N	D	NIFTY 26 JUN 2025 PE 24650.00	6/26/2025	PE	24650	75	1800	62382
N	D	NIFTY 26 JUN 2025 CE 24700.00	6/26/2025	CE	24700	75	1800	62383
N	D	NIFTY 26 JUN 2025 PE 24700.00	6/26/2025	PE	24700	75	1800	62384
N	D	NIFTY 26 JUN 2025 CE 24750.00	6/26/2025	CE	24750	75	1800	62385
N	D	NIFTY 26 JUN 2025 PE 24750.00	6/26/2025	PE	24750	75	1800	62386
N	D	NIFTY 26 JUN 2025 CE 24800.00	6/26/2025	CE	24800	75	1800	62387
N	D	NIFTY 26 JUN 2025 PE 24800.00	6/26/2025	PE	24800	75	1800	62392
N	D	NIFTY 26 JUN 2025 CE 24850.00	6/26/2025	CE	24850	75	1800	62393
N	D	NIFTY 26 JUN 2025 PE 24850.00	6/26/2025	PE	24850	75	1800	62394
N	D	NIFTY 26 JUN 2025 CE 24900.00	6/26/2025	CE	24900	75	1800	62395
N	D	NIFTY 26 JUN 2025 PE 24900.00	6/26/2025	PE	24900	75	1800	62396
N	D	NIFTY 26 JUN 2025 CE 24950.00	6/26/2025	CE	24950	75	1800	62397
N	D	NIFTY 26 JUN 2025 PE 24950.00	6/26/2025	PE	24950	75	1800	62398
N	D	NIFTY 26 JUN 2025 CE 25050.00	6/26/2025	CE	25050	75	1800	62399
N	D	NIFTY 26 JUN 2025 PE 25050.00	6/26/2025	PE	25050	75	1800	62400
N	D	NIFTY 26 JUN 2025 CE 25100.00	6/26/2025	CE	25100	75	1800	62401
N	D	NIFTY 26 JUN 2025 PE 25100.00	6/26/2025	PE	25100	75	1800	62402
N	D	NIFTY 26 JUN 2025 CE 25150.00	6/26/2025	CE	25150	75	1800	62403
N	D	NIFTY 26 JUN 2025 PE 25150.00	6/26/2025	PE	25150	75	1800	62406
N	D	NIFTY 26 JUN 2025 CE 25200.00	6/26/2025	CE	25200	75	1800	62407
N	D	NIFTY 26 JUN 2025 PE 25200.00	6/26/2025	PE	25200	75	1800	62408
N	D	NIFTY 26 JUN 2025 CE 25250.00	6/26/2025	CE	25250	75	1800	62409
N	D	NIFTY 26 JUN 2025 PE 25250.00	6/26/2025	PE	25250	75	1800	62410
N	D	NIFTY 26 JUN 2025 CE 25300.00	6/26/2025	CE	25300	75	1800	62411
N	D	NIFTY 26 JUN 2025 PE 25300.00	6/26/2025	PE	25300	75	1800	62414
N	D	NIFTY 26 JUN 2025 CE 25350.00	6/26/2025	CE	25350	75	1800	62415
N	D	NIFTY 26 JUN 2025 PE 25350.00	6/26/2025	PE	25350	75	1800	62416
N	D	NIFTY 26 JUN 2025 CE 25400.00	6/26/2025	CE	25400	75	1800	62417
N	D	NIFTY 26 JUN 2025 PE 25400.00	6/26/2025	PE	25400	75	1800	62418
N	D	NIFTY 26 JUN 2025 CE 25450.00	6/26/2025	CE	25450	75	1800	62419
N	D	NIFTY 26 JUN 2025 PE 25450.00	6/26/2025	PE	25450	75	1800	62420
N	D	NIFTY 26 JUN 2025 CE 25500.00	6/26/2025	CE	25500	75	1800	62421
N	D	NIFTY 26 JUN 2025 PE 25500.00	6/26/2025	PE	25500	75	1800	62422
N	D	NIFTY 26 JUN 2025 CE 25550.00	6/26/2025	CE	25550	75	1800	62423
N	D	NIFTY 26 JUN 2025 PE 25550.00	6/26/2025	PE	25550	75	1800	62424
N	D	NIFTY 26 JUN 2025 CE 25600.00	6/26/2025	CE	25600	75	1800	62425
N	D	NIFTY 26 JUN 2025 PE 25600.00	6/26/2025	PE	25600	75	1800	62426
N	D	NIFTY 26 JUN 2025 CE 25650.00	6/26/2025	CE	25650	75	1800	62427
N	D	NIFTY 26 JUN 2025 PE 25650.00	6/26/2025	PE	25650	75	1800	62428
N	D	NIFTY 26 JUN 2025 CE 25700.00	6/26/2025	CE	25700	75	1800	62429
N	D	NIFTY 26 JUN 2025 PE 25700.00	6/26/2025	PE	25700	75	1800	62430
N	D	NIFTY 26 JUN 2025 CE 25750.00	6/26/2025	CE	25750	75	1800	62431
N	D	NIFTY 26 JUN 2025 PE 25750.00	6/26/2025	PE	25750	75	1800	62432
N	D	NIFTY 26 JUN 2025 CE 25800.00	6/26/2025	CE	25800	75	1800	62433
N	D	NIFTY 26 JUN 2025 PE 25800.00	6/26/2025	PE	25800	75	1800	62438
N	D	NIFTY 26 JUN 2025 CE 25850.00	6/26/2025	CE	25850	75	1800	62439
N	D	NIFTY 26 JUN 2025 PE 25850.00	6/26/2025	PE	25850	75	1800	62440
N	D	NIFTY 26 JUN 2025 CE 25900.00	6/26/2025	CE	25900	75	1800	62441
N	D	NIFTY 26 JUN 2025 PE 25900.00	6/26/2025	PE	25900	75	1800	62442
N	D	NIFTY 26 JUN 2025 CE 25950.00	6/26/2025	CE	25950	75	1800	62443
N	D	NIFTY 26 JUN 2025 PE 25950.00	6/26/2025	PE	25950	75	1800	62444
N	D	NIFTY 26 JUN 2025 CE 26050.00	6/26/2025	CE	26050	75	1800	62445
N	D	NIFTY 26 JUN 2025 PE 26050.00	6/26/2025	PE	26050	75	1800	62446
N	D	NIFTY 26 JUN 2025 CE 26100.00	6/26/2025	CE	26100	75	1800	62447
N	D	NIFTY 26 JUN 2025 PE 26100.00	6/26/2025	PE	26100	75	1800	62458
N	D	NIFTY 26 JUN 2025 CE 26150.00	6/26/2025	CE	26150	75	1800	62459
N	D	NIFTY 26 JUN 2025 PE 26150.00	6/26/2025	PE	26150	75	1800	62460
N	D	NIFTY 26 JUN 2025 CE 26200.00	6/26/2025	CE	26200	75	1800	62461
N	D	NIFTY 26 JUN 2025 PE 26200.00	6/26/2025	PE	26200	75	1800	62462
N	D	NIFTY 26 JUN 2025 CE 26250.00	6/26/2025	CE	26250	75	1800	62463
N	D	NIFTY 26 JUN 2025 PE 26250.00	6/26/2025	PE	26250	75	1800	62464
N	D	NIFTY 26 JUN 2025 CE 26300.00	6/26/2025	CE	26300	75	1800	62465
N	D	NIFTY 26 JUN 2025 PE 26300.00	6/26/2025	PE	26300	75	1800	62466
N	D	NIFTY 26 JUN 2025 CE 26350.00	6/26/2025	CE	26350	75	1800	62467
N	D	NIFTY 26 JUN 2025 PE 26350.00	6/26/2025	PE	26350	75	1800	62468
N	D	NIFTY 26 JUN 2025 CE 26400.00	6/26/2025	CE	26400	75	1800	62469
N	D	NIFTY 26 JUN 2025 PE 26400.00	6/26/2025	PE	26400	75	1800	62470
N	D	NIFTY 26 JUN 2025 CE 26450.00	6/26/2025	CE	26450	75	1800	62471
N	D	NIFTY 26 JUN 2025 PE 26450.00	6/26/2025	PE	26450	75	1800	62472
N	D	NIFTY 26 JUN 2025 CE 26500.00	6/26/2025	CE	26500	75	1800	62473
N	D	NIFTY 26 JUN 2025 PE 26500.00	6/26/2025	PE	26500	75	1800	62474
N	D	NIFTY 26 JUN 2025 CE 26550.00	6/26/2025	CE	26550	75	1800	62475
N	D	NIFTY 26 JUN 2025 PE 26550.00	6/26/2025	PE	26550	75	1800	62482
N	D	NIFTY 26 JUN 2025 CE 26600.00	6/26/2025	CE	26600	75	1800	62483
N	D	NIFTY 26 JUN 2025 PE 26600.00	6/26/2025	PE	26600	75	1800	62486
N	D	NIFTY 26 JUN 2025 CE 26650.00	6/26/2025	CE	26650	75	1800	62487
N	D	NIFTY 26 JUN 2025 PE 26650.00	6/26/2025	PE	26650	75	1800	62500
N	D	NIFTY 26 JUN 2025 CE 26700.00	6/26/2025	CE	26700	75	1800	62501
N	D	NIFTY 26 JUN 2025 PE 26700.00	6/26/2025	PE	26700	75	1800	62502
N	D	NIFTY 26 JUN 2025 CE 26750.00	6/26/2025	CE	26750	75	1800	62503
N	D	NIFTY 26 JUN 2025 PE 26750.00	6/26/2025	PE	26750	75	1800	62504
N	D	NIFTY 26 JUN 2025 CE 26800.00	6/26/2025	CE	26800	75	1800	62505
N	D	NIFTY 26 JUN 2025 PE 26800.00	6/26/2025	PE	26800	75	1800	62506
N	D	NIFTY 26 JUN 2025 CE 26850.00	6/26/2025	CE	26850	75	1800	62507
N	D	NIFTY 26 JUN 2025 PE 26850.00	6/26/2025	PE	26850	75	1800	62510
N	D	NIFTY 26 JUN 2025 CE 26900.00	6/26/2025	CE	26900	75	1800	62511
N	D	NIFTY 26 JUN 2025 PE 26900.00	6/26/2025	PE	26900	75	1800	62522
N	D	NIFTY 26 JUN 2025 CE 26950.00	6/26/2025	CE	26950	75	1800	62523
N	D	NIFTY 26 JUN 2025 PE 26950.00	6/26/2025	PE	26950	75	1800	62526
N	D	NIFTY 26 JUN 2025 CE 27050.00	6/26/2025	CE	27050	75	1800	62527
N	D	NIFTY 26 JUN 2025 PE 27050.00	6/26/2025	PE	27050	75	1800	62534
N	D	NIFTY 26 JUN 2025 CE 27100.00	6/26/2025	CE	27100	75	1800	62535
N	D	NIFTY 26 JUN 2025 PE 27100.00	6/26/2025	PE	27100	75	1800	62540
N	D	NIFTY 26 JUN 2025 CE 27150.00	6/26/2025	CE	27150	75	1800	62541
N	D	NIFTY 26 JUN 2025 PE 27150.00	6/26/2025	PE	27150	75	1800	62544
N	D	NIFTY 26 JUN 2025 CE 27200.00	6/26/2025	CE	27200	75	1800	62545
N	D	NIFTY 26 JUN 2025 PE 27200.00	6/26/2025	PE	27200	75	1800	62546
N	D	NIFTY 26 JUN 2025 CE 27250.00	6/26/2025	CE	27250	75	1800	62547
N	D	NIFTY 26 JUN 2025 PE 27250.00	6/26/2025	PE	27250	75	1800	62558
N	D	NIFTY 26 JUN 2025 CE 27300.00	6/26/2025	CE	27300	75	1800	62559
N	D	NIFTY 26 JUN 2025 PE 27300.00	6/26/2025	PE	27300	75	1800	62560
N	D	NIFTY 26 JUN 2025 CE 27350.00	6/26/2025	CE	27350	75	1800	62561
N	D	NIFTY 26 JUN 2025 PE 27350.00	6/26/2025	PE	27350	75	1800	62562
N	D	NIFTY 26 JUN 2025 CE 27400.00	6/26/2025	CE	27400	75	1800	62563
N	D	NIFTY 26 JUN 2025 PE 27400.00	6/26/2025	PE	27400	75	1800	62566
N	D	NIFTY 26 JUN 2025 CE 27450.00	6/26/2025	CE	27450	75	1800	62567
N	D	NIFTY 26 JUN 2025 PE 27450.00	6/26/2025	PE	27450	75	1800	62568
N	D	NIFTY 26 JUN 2025 CE 27500.00	6/26/2025	CE	27500	75	1800	62569
N	D	NIFTY 26 JUN 2025 PE 27500.00	6/26/2025	PE	27500	75	1800	62574
N	D	NIFTY 26 JUN 2025 CE 27550.00	6/26/2025	CE	27550	75	1800	62575
N	D	NIFTY 26 JUN 2025 PE 27550.00	6/26/2025	PE	27550	75	1800	62580
N	D	NIFTY 26 JUN 2025 CE 27600.00	6/26/2025	CE	27600	75	1800	62581
N	D	NIFTY 26 JUN 2025 PE 27600.00	6/26/2025	PE	27600	75	1800	62590
N	D	NIFTY 26 JUN 2025 CE 27650.00	6/26/2025	CE	27650	75	1800	62591
N	D	NIFTY 26 JUN 2025 PE 27650.00	6/26/2025	PE	27650	75	1800	62594
N	D	NIFTY 26 JUN 2025 CE 27700.00	6/26/2025	CE	27700	75	1800	62595
N	D	NIFTY 26 JUN 2025 PE 27700.00	6/26/2025	PE	27700	75	1800	62596
N	D	NIFTY 26 JUN 2025 CE 27750.00	6/26/2025	CE	27750	75	1800	62597
N	D	NIFTY 26 JUN 2025 PE 27750.00	6/26/2025	PE	27750	75	1800	62604
N	D	NIFTY 26 JUN 2025 CE 27800.00	6/26/2025	CE	27800	75	1800	62605
N	D	NIFTY 26 JUN 2025 PE 27800.00	6/26/2025	PE	27800	75	1800	62606
N	D	NIFTY 26 JUN 2025 CE 27850.00	6/26/2025	CE	27850	75	1800	62607
N	D	NIFTY 26 JUN 2025 PE 27850.00	6/26/2025	PE	27850	75	1800	62608
N	D	NIFTY 26 JUN 2025 CE 27900.00	6/26/2025	CE	27900	75	1800	62609
N	D	NIFTY 26 JUN 2025 PE 27900.00	6/26/2025	PE	27900	75	1800	62790
N	D	NIFTY 26 JUN 2025 CE 27950.00	6/26/2025	CE	27950	75	1800	62791
N	D	NIFTY 26 JUN 2025 PE 27950.00	6/26/2025	PE	27950	75	1800	62796
N	D	NIFTY 26 JUN 2025 CE 28050.00	6/26/2025	CE	28050	75	1800	62797
N	D	NIFTY 26 JUN 2025 PE 28050.00	6/26/2025	PE	28050	75	1800	62798
N	D	NIFTY 26 JUN 2025 CE 28100.00	6/26/2025	CE	28100	75	1800	62799
N	D	NIFTY 26 JUN 2025 PE 28100.00	6/26/2025	PE	28100	75	1800	62801
N	D	NIFTY 26 JUN 2025 CE 28150.00	6/26/2025	CE	28150	75	1800	62802
N	D	NIFTY 26 JUN 2025 PE 28150.00	6/26/2025	PE	28150	75	1800	62813
N	D	NIFTY 26 JUN 2025 CE 28200.00	6/26/2025	CE	28200	75	1800	62814
N	D	NIFTY 26 JUN 2025 PE 28200.00	6/26/2025	PE	28200	75	1800	62815
N	D	NIFTY 26 JUN 2025 CE 28250.00	6/26/2025	CE	28250	75	1800	62819
N	D	NIFTY 26 JUN 2025 PE 28250.00	6/26/2025	PE	28250	75	1800	62824
N	D	NIFTY 26 JUN 2025 CE 28300.00	6/26/2025	CE	28300	75	1800	62825
N	D	NIFTY 26 JUN 2025 PE 28300.00	6/26/2025	PE	28300	75	1800	62830
N	D	NIFTY 26 JUN 2025 CE 28350.00	6/26/2025	CE	28350	75	1800	62831
N	D	NIFTY 26 JUN 2025 PE 28350.00	6/26/2025	PE	28350	75	1800	62832
N	D	NIFTY 26 JUN 2025 CE 28400.00	6/26/2025	CE	28400	75	1800	62833
N	D	NIFTY 26 JUN 2025 PE 28400.00	6/26/2025	PE	28400	75	1800	62842
N	D	NIFTY 26 JUN 2025 CE 28450.00	6/26/2025	CE	28450	75	1800	62843
N	D	NIFTY 26 JUN 2025 PE 28450.00	6/26/2025	PE	28450	75	1800	62844
N	D	NIFTY 26 JUN 2025 CE 28500.00	6/26/2025	CE	28500	75	1800	62845
N	D	NIFTY 26 JUN 2025 PE 28500.00	6/26/2025	PE	28500	75	1800	62846
N	D	NIFTY 26 JUN 2025 CE 28550.00	6/26/2025	CE	28550	75	1800	62847
N	D	NIFTY 26 JUN 2025 PE 28550.00	6/26/2025	PE	28550	75	1800	62856
N	D	NIFTY 26 JUN 2025 CE 28600.00	6/26/2025	CE	28600	75	1800	62857
N	D	NIFTY 26 JUN 2025 PE 28600.00	6/26/2025	PE	28600	75	1800	62870
N	D	NIFTY 26 JUN 2025 CE 28650.00	6/26/2025	CE	28650	75	1800	62876
N	D	NIFTY 26 JUN 2025 PE 28650.00	6/26/2025	PE	28650	75	1800	62877
N	D	NIFTY 26 JUN 2025 CE 28700.00	6/26/2025	CE	28700	75	1800	62879
N	D	NIFTY 26 JUN 2025 PE 28700.00	6/26/2025	PE	28700	75	1800	62887
N	D	NIFTY 26 JUN 2025 CE 28750.00	6/26/2025	CE	28750	75	1800	62888
N	D	NIFTY 26 JUN 2025 PE 28750.00	6/26/2025	PE	28750	75	1800	62889
N	D	NIFTY 26 JUN 2025 CE 28800.00	6/26/2025	CE	28800	75	1800	62890
N	D	NIFTY 26 JUN 2025 PE 28800.00	6/26/2025	PE	28800	75	1800	62891
N	D	NIFTY 26 JUN 2025 CE 28850.00	6/26/2025	CE	28850	75	1800	62892
N	D	NIFTY 26 JUN 2025 PE 28850.00	6/26/2025	PE	28850	75	1800	62893
N	D	NIFTY 26 JUN 2025 CE 24000.00	6/26/2025	CE	24000	75	1800	71379
N	D	NIFTY 26 JUN 2025 PE 24000.00	6/26/2025	PE	24000	75	1800	71380
N	D	NIFTY 26 JUN 2025 CE 25000.00	6/26/2025	CE	25000	75	1800	71381
N	D	NIFTY 26 JUN 2025 PE 25000.00	6/26/2025	PE	25000	75	1800	71382
N	D	NIFTY 26 JUN 2025 CE 26000.00	6/26/2025	CE	26000	75	1800	71383
N	D	NIFTY 26 JUN 2025 PE 26000.00	6/26/2025	PE	26000	75	1800	71384
